"Produkt_Code","SDO_ID","Zeitstempel","Wert","Qualitaet_Niveau","Qualitaet_Byte"
"TMK_MN004","3545","20200121","-0.1","0","3"
"TMK_MN004","3545","20200122","-1.7","0","3"
"TMK_MN004","3545","20200123","0.4","0","3"
"TMK_MN004","3545","20200124","-0.1","0","3"
"TMK_MN004","3545","20200125","0.7","0","3"
"TMK_MN004","3545","20200126","2.2","0","3"
"TMK_MN004","3545","20200127","6.2","0","3"
"TMK_MN004","3545","20200128","4","0","3"
"TMK_MN004","3545","20200129","3.9","0","3"
"TMK_MN004","3545","20200130","5.3","0","3"
"TMK_MN004","3545","20200131","11.5","0","3"
"TMK_MN004","3545","20200201","10.9","0","3"
"TMK_MN004","3545","20200202","10.7","0","3"
"TMK_MN004","3545","20200203","9.8","0","3"
"TMK_MN004","3545","20200204","4.7","0","3"
"TMK_MN004","3545","20200205","2.2","0","3"
"TMK_MN004","3545","20200206","0.9","0","3"
"TMK_MN004","3545","20200207","0.9","0","3"
"TMK_MN004","3545","20200208","0.8","0","3"
"TMK_MN004","3545","20200209","8.4","0","3"
"TMK_MN004","3545","20200210","8.3","0","3"
"TMK_MN004","3545","20200211","5.6","0","3"
"TMK_MN004","3545","20200212","3.1","0","3"
"TMK_MN004","3545","20200213","2.7","0","3"
"TMK_MN004","3545","20200214","6.2","0","3"
"TMK_MN004","3545","20200215","5","0","3"
"TMK_MN004","3545","20200216","12.7","0","3"
"TMK_MN004","3545","20200217","7.6","0","3"
"TMK_MN004","3545","20200218","6.3","0","3"
"TMK_MN004","3545","20200219","5","0","3"
"TMK_MN004","3545","20200220","6.8","0","3"
"TMK_MN004","3545","20200221","4.7","0","3"
"TMK_MN004","3545","20200222","6.5","0","3"
"TMK_MN004","3545","20200223","10.1","0","3"
"TMK_MN004","3545","20200224","8.6","0","3"
"TMK_MN004","3545","20200225","7.1","0","3"
"TMK_MN004","3545","20200226","3.1","0","3"
"TMK_MN004","3545","20200227","1.8","0","3"
"TMK_MN004","3545","20200228","4.7","0","3"
"TMK_MN004","3545","20200229","8.4","0","3"
"TMK_MN004","3545","20200301","7.4","0","3"
"TMK_MN004","3545","20200302","5.1","0","3"
"TMK_MN004","3545","20200303","3.4","0","3"
"TMK_MN004","3545","20200304","3","0","3"
"TMK_MN004","3545","20200305","5.9","0","3"
"TMK_MN004","3545","20200306","5.4","0","3"
"TMK_MN004","3545","20200307","4.7","0","3"
"TMK_MN004","3545","20200308","7.5","0","3"
"TMK_MN004","3545","20200309","6.9","0","3"
"TMK_MN004","3545","20200310","7.7","0","3"
"TMK_MN004","3545","20200311","13","0","3"
"TMK_MN004","3545","20200312","10.2","0","3"
"TMK_MN004","3545","20200313","6.5","0","3"
"TMK_MN004","3545","20200314","4.8","0","3"
"TMK_MN004","3545","20200315","7.1","0","3"
"TMK_MN004","3545","20200316","8.7","0","3"
"TMK_MN004","3545","20200317","10.2","0","3"
"TMK_MN004","3545","20200318","8.5","0","3"
"TMK_MN004","3545","20200319","9.8","0","3"
"TMK_MN004","3545","20200320","10.5","0","3"
"TMK_MN004","3545","20200321","4.6","0","3"
"TMK_MN004","3545","20200322","4.5","0","3"
"TMK_MN004","3545","20200323","3.4","0","3"
"TMK_MN004","3545","20200324","3.7","0","3"
"TMK_MN004","3545","20200325","4.2","0","3"
"TMK_MN004","3545","20200326","4.7","0","3"
"TMK_MN004","3545","20200327","7","0","3"
"TMK_MN004","3545","20200328","9.7","0","3"
"TMK_MN004","3545","20200329","4.6","0","3"
"TMK_MN004","3545","20200330","2.5","0","3"
"TMK_MN004","3545","20200331","2.7","0","3"
"TMK_MN004","3545","20200401","2.8","0","3"
"TMK_MN004","3545","20200402","5.4","0","3"
"TMK_MN004","3545","20200403","5.2","0","3"
"TMK_MN004","3545","20200404","6.6","0","3"
"TMK_MN004","3545","20200405","10.2","0","3"
"TMK_MN004","3545","20200406","11","0","3"
"TMK_MN004","3545","20200407","13.8","0","3"
"TMK_MN004","3545","20200408","13.3","0","3"
"TMK_MN004","3545","20200409","14.1","0","3"
"TMK_MN004","3545","20200410","14.4","0","3"
"TMK_MN004","3545","20200411","13.7","0","3"
"TMK_MN004","3545","20200412","14","0","3"
"TMK_MN004","3545","20200413","9.5","0","3"
"TMK_MN004","3545","20200414","5.4","0","3"
"TMK_MN004","3545","20200415","8.7","0","3"
"TMK_MN004","3545","20200416","12.2","0","3"
"TMK_MN004","3545","20200417","14.7","0","3"
"TMK_MN004","3545","20200418","14.8","0","3"
"TMK_MN004","3545","20200419","13.4","0","1"
"TMK_MN004","3545","20200420","13.7","0","1"
"TMK_MN004","3545","20200421","14.9","0","1"
"TMK_MN004","3545","20200422","15.2","0","1"
"TMK_MN004","3545","20200423","13.9","0","1"
"TMK_MN004","3545","20200424","13.2","0","1"
"TMK_MN004","3545","20200425","11.1","0","1"
"TMK_MN004","3545","20200426","11.2","0","1"
"TMK_MN004","3545","20200427","12.9","0","1"
"TMK_MN004","3545","20200428","12.4","0","1"
"TMK_MN004","3545","20200429","12.7","0","1"
"TMK_MN004","3545","20200430","10.8","0","1"
"TMK_MN004","3545","20200501","9.5","0","1"
"TMK_MN004","3545","20200502","7.9","0","1"
"TMK_MN004","3545","20200503","9.6","0","1"
"TMK_MN004","3545","20200504","12.5","0","1"
"TMK_MN004","3545","20200505","10.1","0","1"
"TMK_MN004","3545","20200506","9.2","0","1"
"TMK_MN004","3545","20200507","12","0","1"
"TMK_MN004","3545","20200508","16","0","1"
"TMK_MN004","3545","20200509","14.5","0","1"
"TMK_MN004","3545","20200510","16.9","0","1"
"TMK_MN004","3545","20200511","7.1","0","1"
"TMK_MN004","3545","20200512","6.9","0","1"
"TMK_MN004","3545","20200513","8.8","0","1"
"TMK_MN004","3545","20200514","10","0","1"
"TMK_MN004","3545","20200515","11.7","0","1"
"TMK_MN004","3545","20200516","11.3","0","1"
"TMK_MN004","3545","20200517","11.9","0","1"
"TMK_MN004","3545","20200518","14.4","0","1"
"TMK_MN004","3545","20200519","17.4","0","1"
"TMK_MN004","3545","20200520","17.5","0","1"
"TMK_MN004","3545","20200521","18.3","0","1"
"TMK_MN004","3545","20200522","19.5","0","1"
"TMK_MN004","3545","20200523","12.8","0","1"
"TMK_MN004","3545","20200524","12.2","0","1"
"TMK_MN004","3545","20200525","13.9","0","1"
"TMK_MN004","3545","20200526","14.3","0","1"
"TMK_MN004","3545","20200527","15.3","0","1"
"TMK_MN004","3545","20200528","16.2","0","1"
"TMK_MN004","3545","20200529","14.9","0","1"
"TMK_MN004","3545","20200530","15.1","0","1"
"TMK_MN004","3545","20200531","15","0","1"
"TMK_MN004","3545","20200601","18.9","0","1"
"TMK_MN004","3545","20200602","18.9","0","1"
"TMK_MN004","3545","20200603","18.1","0","1"
"TMK_MN004","3545","20200604","14.8","0","1"
"TMK_MN004","3545","20200605","11.2","0","1"
"TMK_MN004","3545","20200606","12.7","0","1"
"TMK_MN004","3545","20200607","13","0","1"
"TMK_MN004","3545","20200608","12.9","0","1"
"TMK_MN004","3545","20200609","14","0","1"
"TMK_MN004","3545","20200610","14.7","0","1"
"TMK_MN004","3545","20200611","15.7","0","1"
"TMK_MN004","3545","20200612","20.2","0","1"
"TMK_MN004","3545","20200613","18.9","0","1"
"TMK_MN004","3545","20200614","16.6","0","1"
"TMK_MN004","3545","20200615","17.9","0","1"
"TMK_MN004","3545","20200616","17.4","0","1"
"TMK_MN004","3545","20200617","15.5","0","1"
"TMK_MN004","3545","20200618","15.8","0","1"
"TMK_MN004","3545","20200619","16.2","0","1"
"TMK_MN004","3545","20200620","16.9","0","1"
"TMK_MN004","3545","20200621","17.8","0","1"
"TMK_MN004","3545","20200622","18.1","0","1"
"TMK_MN004","3545","20200623","19.4","0","1"
"TMK_MN004","3545","20200624","20.9","0","1"
"TMK_MN004","3545","20200625","21.5","0","1"
"TMK_MN004","3545","20200626","20","0","1"
"TMK_MN004","3545","20200627","20.4","0","1"
"TMK_MN004","3545","20200628","17.6","0","1"
"TMK_MN004","3545","20200629","17.6","0","1"
"TMK_MN004","3545","20200630","15.7","0","1"
"TMK_MN004","3904","20200121","-0.8","0","3"
"TMK_MN004","3904","20200122","-1.4","0","3"
"TMK_MN004","3904","20200123","1.9","0","3"
"TMK_MN004","3904","20200124","0.9","0","3"
"TMK_MN004","3904","20200125","1.7","0","3"
"TMK_MN004","3904","20200126","2.9","0","3"
"TMK_MN004","3904","20200127","6.8","0","3"
"TMK_MN004","3904","20200128","4.9","0","3"
"TMK_MN004","3904","20200129","4.7","0","3"
"TMK_MN004","3904","20200130","6.6","0","3"
"TMK_MN004","3904","20200131","11.9","0","3"
"TMK_MN004","3904","20200201","11.1","0","3"
"TMK_MN004","3904","20200202","10.9","0","3"
"TMK_MN004","3904","20200203","10.2","0","3"
"TMK_MN004","3904","20200204","5.1","0","3"
"TMK_MN004","3904","20200205","3.2","0","3"
"TMK_MN004","3904","20200206","0.8","0","3"
"TMK_MN004","3904","20200207","1","0","3"
"TMK_MN004","3904","20200208","1.2","0","3"
"TMK_MN004","3904","20200209","9.2","0","3"
"TMK_MN004","3904","20200210","8.9","0","3"
"TMK_MN004","3904","20200211","5.9","0","3"
"TMK_MN004","3904","20200212","3.1","0","3"
"TMK_MN004","3904","20200213","4","0","3"
"TMK_MN004","3904","20200214","7.8","0","3"
"TMK_MN004","3904","20200215","7.8","0","3"
"TMK_MN004","3904","20200216","12.9","0","3"
"TMK_MN004","3904","20200217","8.2","0","3"
"TMK_MN004","3904","20200218","6.8","0","3"
"TMK_MN004","3904","20200219","6.2","0","3"
"TMK_MN004","3904","20200220","7.4","0","3"
"TMK_MN004","3904","20200221","5.4","0","3"
"TMK_MN004","3904","20200222","7.3","0","3"
"TMK_MN004","3904","20200223","10.2","0","3"
"TMK_MN004","3904","20200224","8.7","0","3"
"TMK_MN004","3904","20200225","8","0","3"
"TMK_MN004","3904","20200226","3.6","0","3"
"TMK_MN004","3904","20200227","2.6","0","3"
"TMK_MN004","3904","20200228","4.4","0","3"
"TMK_MN004","3904","20200229","8.4","0","3"
"TMK_MN004","3904","20200301","7.3","0","3"
"TMK_MN004","3904","20200302","6.2","0","3"
"TMK_MN004","3904","20200303","3.5","0","3"
"TMK_MN004","3904","20200304","4.6","0","3"
"TMK_MN004","3904","20200305","7.1","0","3"
"TMK_MN004","3904","20200306","6","0","3"
"TMK_MN004","3904","20200307","6.1","0","3"
"TMK_MN004","3904","20200308","8.3","0","3"
"TMK_MN004","3904","20200309","7.1","0","3"
"TMK_MN004","3904","20200310","9.3","0","3"
"TMK_MN004","3904","20200311","13.7","0","3"
"TMK_MN004","3904","20200312","10.2","0","3"
"TMK_MN004","3904","20200313","6.3","0","3"
"TMK_MN004","3904","20200314","5.2","0","3"
"TMK_MN004","3904","20200315","8.9","0","3"
"TMK_MN004","3904","20200316","9.1","0","3"
"TMK_MN004","3904","20200317","9.9","0","3"
"TMK_MN004","3904","20200318","7.4","0","3"
"TMK_MN004","3904","20200319","7.6","0","3"
"TMK_MN004","3904","20200320","9.6","0","3"
"TMK_MN004","3904","20200321","5.8","0","3"
"TMK_MN004","3904","20200322","5.5","0","3"
"TMK_MN004","3904","20200323","4.2","0","3"
"TMK_MN004","3904","20200324","4.4","0","3"
"TMK_MN004","3904","20200325","4.3","0","3"
"TMK_MN004","3904","20200326","4.7","0","3"
"TMK_MN004","3904","20200327","6.7","0","3"
"TMK_MN004","3904","20200328","9.9","0","3"
"TMK_MN004","3904","20200329","5","0","3"
"TMK_MN004","3904","20200330","3.4","0","3"
"TMK_MN004","3904","20200331","4","0","3"
"TMK_MN004","3904","20200401","2.9","0","3"
"TMK_MN004","3904","20200402","4.1","0","3"
"TMK_MN004","3904","20200403","5.7","0","3"
"TMK_MN004","3904","20200404","6.5","0","3"
"TMK_MN004","3904","20200405","10.9","0","3"
"TMK_MN004","3904","20200406","11","0","3"
"TMK_MN004","3904","20200407","13.3","0","3"
"TMK_MN004","3904","20200408","13.2","0","3"
"TMK_MN004","3904","20200409","13.1","0","3"
"TMK_MN004","3904","20200410","14.1","0","3"
"TMK_MN004","3904","20200411","13.6","0","3"
"TMK_MN004","3904","20200412","12.7","0","3"
"TMK_MN004","3904","20200413","9.5","0","3"
"TMK_MN004","3904","20200414","4.2","0","3"
"TMK_MN004","3904","20200415","8.4","0","3"
"TMK_MN004","3904","20200416","11.6","0","3"
"TMK_MN004","3904","20200417","14","0","3"
"TMK_MN004","3904","20200418","14.5","0","3"
"TMK_MN004","3904","20200419","13.3","0","1"
"TMK_MN004","3904","20200420","14.2","0","1"
"TMK_MN004","3904","20200421","15.5","0","1"
"TMK_MN004","3904","20200422","15","0","1"
"TMK_MN004","3904","20200423","13.7","0","1"
"TMK_MN004","3904","20200424","12.9","0","1"
"TMK_MN004","3904","20200425","10.3","0","1"
"TMK_MN004","3904","20200426","11","0","1"
"TMK_MN004","3904","20200427","12.2","0","1"
"TMK_MN004","3904","20200428","12.3","0","1"
"TMK_MN004","3904","20200429","12.8","0","1"
"TMK_MN004","3904","20200430","11.4","0","1"
"TMK_MN004","3904","20200501","9.9","0","1"
"TMK_MN004","3904","20200502","8.7","0","1"
"TMK_MN004","3904","20200503","10","0","1"
"TMK_MN004","3904","20200504","12.7","0","1"
"TMK_MN004","3904","20200505","10.2","0","1"
"TMK_MN004","3904","20200506","10","0","1"
"TMK_MN004","3904","20200507","12","0","1"
"TMK_MN004","3904","20200508","15","0","1"
"TMK_MN004","3904","20200509","14.6","0","1"
"TMK_MN004","3904","20200510","16.6","0","1"
"TMK_MN004","3904","20200511","8","0","1"
"TMK_MN004","3904","20200512","8","0","1"
"TMK_MN004","3904","20200513","9.7","0","1"
"TMK_MN004","3904","20200514","10.3","0","1"
"TMK_MN004","3904","20200515","11.1","0","1"
"TMK_MN004","3904","20200516","11.1","0","1"
"TMK_MN004","3904","20200517","11.9","0","1"
"TMK_MN004","3904","20200518","14.7","0","1"
"TMK_MN004","3904","20200519","16.5","0","1"
"TMK_MN004","3904","20200520","18.3","0","1"
"TMK_MN004","3904","20200521","18.7","0","1"
"TMK_MN004","3904","20200522","19.4","0","1"
"TMK_MN004","3904","20200523","12.4","0","1"
"TMK_MN004","3904","20200524","12.7","0","1"
"TMK_MN004","3904","20200525","13.5","0","1"
"TMK_MN004","3904","20200526","14.7","0","1"
"TMK_MN004","3904","20200527","16.3","0","1"
"TMK_MN004","3904","20200528","16.5","0","1"
"TMK_MN004","3904","20200529","14.4","0","1"
"TMK_MN004","3904","20200530","15.1","0","1"
"TMK_MN004","3904","20200531","14.5","0","1"
"TMK_MN004","3904","20200601","17.9","0","1"
"TMK_MN004","3904","20200602","19.2","0","1"
"TMK_MN004","3904","20200603","18.7","0","1"
"TMK_MN004","3904","20200604","14.7","0","1"
"TMK_MN004","3904","20200605","11.3","0","1"
"TMK_MN004","3904","20200606","12.9","0","1"
"TMK_MN004","3904","20200607","12.4","0","1"
"TMK_MN004","3904","20200608","14.6","0","1"
"TMK_MN004","3904","20200609","14.6","0","1"
"TMK_MN004","3904","20200610","15.6","0","1"
"TMK_MN004","3904","20200611","16.1","0","1"
"TMK_MN004","3904","20200612","18.5","0","1"
"TMK_MN004","3904","20200613","18.3","0","1"
"TMK_MN004","3904","20200614","17.4","0","1"
"TMK_MN004","3904","20200615","17.2","0","1"
"TMK_MN004","3904","20200616","17.4","0","1"
"TMK_MN004","3904","20200617","15.5","0","1"
"TMK_MN004","3904","20200618","16.4","0","1"
"TMK_MN004","3904","20200619","16.1","0","1"
"TMK_MN004","3904","20200620","16.1","0","1"
"TMK_MN004","3904","20200621","18.4","0","1"
"TMK_MN004","3904","20200622","18.1","0","1"
"TMK_MN004","3904","20200623","19.2","0","1"
"TMK_MN004","3904","20200624","20.8","0","1"
"TMK_MN004","3904","20200625","21.9","0","1"
"TMK_MN004","3904","20200626","20.8","0","1"
"TMK_MN004","3904","20200627","21.4","0","1"
"TMK_MN004","3904","20200628","18.7","0","1"
"TMK_MN004","3904","20200629","17.2","0","1"
"TMK_MN004","3904","20200630","15.9","0","1"
"TMK_MN004","4336","20200121","-0.1","0","3"
"TMK_MN004","4336","20200122","-1.4","0","3"
"TMK_MN004","4336","20200123","-0.4","0","3"
"TMK_MN004","4336","20200124","-0.8","0","3"
"TMK_MN004","4336","20200125","-1.1","0","3"
"TMK_MN004","4336","20200126","3.2","0","3"
"TMK_MN004","4336","20200127","5.6","0","3"
"TMK_MN004","4336","20200128","3.4","0","3"
"TMK_MN004","4336","20200129","2.8","0","3"
"TMK_MN004","4336","20200130","5.1","0","3"
"TMK_MN004","4336","20200131","10.7","0","3"
"TMK_MN004","4336","20200201","10.1","0","3"
"TMK_MN004","4336","20200202","10.2","0","3"
"TMK_MN004","4336","20200203","9.1","0","3"
"TMK_MN004","4336","20200204","4.1","0","3"
"TMK_MN004","4336","20200205","2.8","0","3"
"TMK_MN004","4336","20200206","1.2","0","3"
"TMK_MN004","4336","20200207","1.3","0","3"
"TMK_MN004","4336","20200208","3.9","0","3"
"TMK_MN004","4336","20200209","8.6","0","3"
"TMK_MN004","4336","20200210","7.5","0","3"
"TMK_MN004","4336","20200211","4.8","0","3"
"TMK_MN004","4336","20200212","3.1","0","3"
"TMK_MN004","4336","20200213","3.9","0","3"
"TMK_MN004","4336","20200214","6.3","0","3"
"TMK_MN004","4336","20200215","6.8","0","3"
"TMK_MN004","4336","20200216","11.9","0","3"
"TMK_MN004","4336","20200217","6.7","0","3"
"TMK_MN004","4336","20200218","5.5","0","3"
"TMK_MN004","4336","20200219","4.5","0","3"
"TMK_MN004","4336","20200220","5.9","0","3"
"TMK_MN004","4336","20200221","4.4","0","3"
"TMK_MN004","4336","20200222","6.1","0","3"
"TMK_MN004","4336","20200223","9.2","0","3"
"TMK_MN004","4336","20200224","7.8","0","3"
"TMK_MN004","4336","20200225","6.2","0","3"
"TMK_MN004","4336","20200226","2","0","3"
"TMK_MN004","4336","20200227","1.5","0","3"
"TMK_MN004","4336","20200228","3.8","0","3"
"TMK_MN004","4336","20200229","7.8","0","3"
"TMK_MN004","4336","20200301","6.5","0","3"
"TMK_MN004","4336","20200302","4.5","0","3"
"TMK_MN004","4336","20200303","2.6","0","3"
"TMK_MN004","4336","20200304","3.2","0","3"
"TMK_MN004","4336","20200305","5.9","0","3"
"TMK_MN004","4336","20200306","4.5","0","3"
"TMK_MN004","4336","20200307","4.5","0","3"
"TMK_MN004","4336","20200308","6.9","0","3"
"TMK_MN004","4336","20200309","5.8","0","3"
"TMK_MN004","4336","20200310","6.7","0","3"
"TMK_MN004","4336","20200311","12.2","0","3"
"TMK_MN004","4336","20200312","9.3","0","3"
"TMK_MN004","4336","20200313","5.7","0","3"
"TMK_MN004","4336","20200314","5.2","0","3"
"TMK_MN004","4336","20200315","9.2","0","3"
"TMK_MN004","4336","20200316","11.3","0","3"
"TMK_MN004","4336","20200317","10.6","0","3"
"TMK_MN004","4336","20200318","10","0","3"
"TMK_MN004","4336","20200319","11.1","0","3"
"TMK_MN004","4336","20200320","11.5","0","3"
"TMK_MN004","4336","20200321","4.1","0","3"
"TMK_MN004","4336","20200322","3.8","0","3"
"TMK_MN004","4336","20200323","2.3","0","3"
"TMK_MN004","4336","20200324","2.9","0","3"
"TMK_MN004","4336","20200325","3.4","0","3"
"TMK_MN004","4336","20200326","4","0","3"
"TMK_MN004","4336","20200327","7.6","0","3"
"TMK_MN004","4336","20200328","11.2","0","3"
"TMK_MN004","4336","20200329","4","0","3"
"TMK_MN004","4336","20200330","2.4","0","3"
"TMK_MN004","4336","20200331","3.1","0","3"
"TMK_MN004","4336","20200401","4.1","0","3"
"TMK_MN004","4336","20200402","6","0","3"
"TMK_MN004","4336","20200403","5.4","0","3"
"TMK_MN004","4336","20200404","7.5","0","3"
"TMK_MN004","4336","20200405","11.3","0","3"
"TMK_MN004","4336","20200406","13.6","0","3"
"TMK_MN004","4336","20200407","15.2","0","3"
"TMK_MN004","4336","20200408","15.5","0","3"
"TMK_MN004","4336","20200409","15.7","0","3"
"TMK_MN004","4336","20200410","16","0","3"
"TMK_MN004","4336","20200411","15.4","0","3"
"TMK_MN004","4336","20200412","14.9","0","3"
"TMK_MN004","4336","20200413","10.5","0","3"
"TMK_MN004","4336","20200414","5.1","0","3"
"TMK_MN004","4336","20200415","9.4","0","3"
"TMK_MN004","4336","20200416","14","0","3"
"TMK_MN004","4336","20200417","15.7","0","3"
"TMK_MN004","4336","20200418","15.7","0","3"
"TMK_MN004","4336","20200419","13.9","0","1"
"TMK_MN004","4336","20200420","13.3","0","1"
"TMK_MN004","4336","20200421","14.2","0","1"
"TMK_MN004","4336","20200422","15","0","1"
"TMK_MN004","4336","20200423","14.7","0","1"
"TMK_MN004","4336","20200424","14.3","0","1"
"TMK_MN004","4336","20200425","12.4","0","1"
"TMK_MN004","4336","20200426","12.9","0","1"
"TMK_MN004","4336","20200427","14.7","0","1"
"TMK_MN004","4336","20200428","13.1","0","1"
"TMK_MN004","4336","20200429","12.2","0","1"
"TMK_MN004","4336","20200430","10.3","0","1"
"TMK_MN004","4336","20200501","9.1","0","1"
"TMK_MN004","4336","20200502","8.2","0","1"
"TMK_MN004","4336","20200503","10.6","0","1"
"TMK_MN004","4336","20200504","13.1","0","1"
"TMK_MN004","4336","20200505","10.4","0","1"
"TMK_MN004","4336","20200506","10.2","0","1"
"TMK_MN004","4336","20200507","13.3","0","1"
"TMK_MN004","4336","20200508","16.8","0","1"
"TMK_MN004","4336","20200509","15.6","0","1"
"TMK_MN004","4336","20200510","17.1","0","1"
"TMK_MN004","4336","20200511","6.6","0","1"
"TMK_MN004","4336","20200512","6.8","0","1"
"TMK_MN004","4336","20200513","9.3","0","1"
"TMK_MN004","4336","20200514","9.6","0","1"
"TMK_MN004","4336","20200515","11.7","0","1"
"TMK_MN004","4336","20200516","12.4","0","1"
"TMK_MN004","4336","20200517","12.6","0","1"
"TMK_MN004","4336","20200518","15.5","0","1"
"TMK_MN004","4336","20200519","18.1","0","1"
"TMK_MN004","4336","20200520","18.5","0","1"
"TMK_MN004","4336","20200521","19.1","0","1"
"TMK_MN004","4336","20200522","19.9","0","1"
"TMK_MN004","4336","20200523","12","0","1"
"TMK_MN004","4336","20200524","12.1","0","1"
"TMK_MN004","4336","20200525","14.5","0","1"
"TMK_MN004","4336","20200526","14.9","0","1"
"TMK_MN004","4336","20200527","16","0","1"
"TMK_MN004","4336","20200528","16.2","0","1"
"TMK_MN004","4336","20200529","15.2","0","1"
"TMK_MN004","4336","20200530","15.4","0","1"
"TMK_MN004","4336","20200531","14.8","0","1"
"TMK_MN004","4336","20200601","17.9","0","1"
"TMK_MN004","4336","20200602","20","0","1"
"TMK_MN004","4336","20200603","18.4","0","1"
"TMK_MN004","4336","20200604","13.9","0","1"
"TMK_MN004","4336","20200605","10.4","0","1"
"TMK_MN004","4336","20200606","12.5","0","1"
"TMK_MN004","4336","20200607","12.8","0","1"
"TMK_MN004","4336","20200608","13","0","1"
"TMK_MN004","4336","20200609","14.1","0","1"
"TMK_MN004","4336","20200610","14.3","0","1"
"TMK_MN004","4336","20200611","14.9","0","1"
"TMK_MN004","4336","20200612","18.6","0","1"
"TMK_MN004","4336","20200613","17.9","0","1"
"TMK_MN004","4336","20200614","15.7","0","1"
"TMK_MN004","4336","20200615","17","0","1"
"TMK_MN004","4336","20200616","16.9","0","1"
"TMK_MN004","4336","20200617","14.7","0","1"
"TMK_MN004","4336","20200618","15.8","0","1"
"TMK_MN004","4336","20200619","16.1","0","1"
"TMK_MN004","4336","20200620","16.8","0","1"
"TMK_MN004","4336","20200621","18","0","1"
"TMK_MN004","4336","20200622","17.9","0","1"
"TMK_MN004","4336","20200623","19.9","0","1"
"TMK_MN004","4336","20200624","21.4","0","1"
"TMK_MN004","4336","20200625","21.1","0","1"
"TMK_MN004","4336","20200626","20","0","1"
"TMK_MN004","4336","20200627","20.6","0","1"
"TMK_MN004","4336","20200628","17.1","0","1"
"TMK_MN004","4336","20200629","17.1","0","1"
"TMK_MN004","4336","20200630","16.2","0","1"
"TMK_MN004","460","20200121","0","0","3"
"TMK_MN004","460","20200122","-0.2","0","3"
"TMK_MN004","460","20200123","-0.6","0","3"
"TMK_MN004","460","20200124","-0.9","0","3"
"TMK_MN004","460","20200125","0.2","0","3"
"TMK_MN004","460","20200126","2.7","0","3"
"TMK_MN004","460","20200127","5.1","0","3"
"TMK_MN004","460","20200128","2.8","0","3"
"TMK_MN004","460","20200129","2.6","0","3"
"TMK_MN004","460","20200130","5.2","0","3"
"TMK_MN004","460","20200131","10.2","0","3"
"TMK_MN004","460","20200201","9.6","0","3"
"TMK_MN004","460","20200202","9.7","0","3"
"TMK_MN004","460","20200203","8.6","0","3"
"TMK_MN004","460","20200204","3.4","0","3"
"TMK_MN004","460","20200205","3.6","0","3"
"TMK_MN004","460","20200206","2.2","0","3"
"TMK_MN004","460","20200207","1.6","0","3"
"TMK_MN004","460","20200208","3.1","0","3"
"TMK_MN004","460","20200209","8","0","3"
"TMK_MN004","460","20200210","6.9","0","3"
"TMK_MN004","460","20200211","4","0","3"
"TMK_MN004","460","20200212","2.6","0","3"
"TMK_MN004","460","20200213","3.2","0","3"
"TMK_MN004","460","20200214","5.7","0","3"
"TMK_MN004","460","20200215","6.4","0","3"
"TMK_MN004","460","20200216","11.1","0","3"
"TMK_MN004","460","20200217","6.1","0","3"
"TMK_MN004","460","20200218","4.8","0","3"
"TMK_MN004","460","20200219","4.3","0","3"
"TMK_MN004","460","20200220","5.4","0","3"
"TMK_MN004","460","20200221","3.9","0","3"
"TMK_MN004","460","20200222","6","0","3"
"TMK_MN004","460","20200223","8.7","0","3"
"TMK_MN004","460","20200224","7.2","0","3"
"TMK_MN004","460","20200225","5.7","0","3"
"TMK_MN004","460","20200226","1.7","0","3"
"TMK_MN004","460","20200227","0.8","0","3"
"TMK_MN004","460","20200228","3.3","0","3"
"TMK_MN004","460","20200229","7.1","0","3"
"TMK_MN004","460","20200301","5.7","0","3"
"TMK_MN004","460","20200302","4.1","0","3"
"TMK_MN004","460","20200303","2.6","0","3"
"TMK_MN004","460","20200304","3.5","0","3"
"TMK_MN004","460","20200305","5.4","0","3"
"TMK_MN004","460","20200306","4","0","3"
"TMK_MN004","460","20200307","3.8","0","3"
"TMK_MN004","460","20200308","6.7","0","3"
"TMK_MN004","460","20200309","5.5","0","3"
"TMK_MN004","460","20200310","7.2","0","3"
"TMK_MN004","460","20200311","11.8","0","3"
"TMK_MN004","460","20200312","8.5","0","3"
"TMK_MN004","460","20200313","5.5","0","3"
"TMK_MN004","460","20200314","5.5","0","3"
"TMK_MN004","460","20200315","8.8","0","3"
"TMK_MN004","460","20200316","11.2","0","3"
"TMK_MN004","460","20200317","11.1","0","3"
"TMK_MN004","460","20200318","11","0","3"
"TMK_MN004","460","20200319","11.5","0","3"
"TMK_MN004","460","20200320","11.8","0","3"
"TMK_MN004","460","20200321","3.9","0","3"
"TMK_MN004","460","20200322","3.6","0","3"
"TMK_MN004","460","20200323","2.6","0","3"
"TMK_MN004","460","20200324","3.2","0","3"
"TMK_MN004","460","20200325","3.2","0","3"
"TMK_MN004","460","20200326","3.9","0","3"
"TMK_MN004","460","20200327","7.8","0","3"
"TMK_MN004","460","20200328","11.4","0","3"
"TMK_MN004","460","20200329","3.8","0","3"
"TMK_MN004","460","20200330","2.2","0","3"
"TMK_MN004","460","20200331","3.7","0","3"
"TMK_MN004","460","20200401","4.4","0","3"
"TMK_MN004","460","20200402","6.5","0","3"
"TMK_MN004","460","20200403","6.2","0","3"
"TMK_MN004","460","20200404","8.1","0","3"
"TMK_MN004","460","20200405","12.3","0","3"
"TMK_MN004","460","20200406","14.7","0","3"
"TMK_MN004","460","20200407","16","0","3"
"TMK_MN004","460","20200408","16.5","0","3"
"TMK_MN004","460","20200409","17.1","0","3"
"TMK_MN004","460","20200410","16.5","0","3"
"TMK_MN004","460","20200411","16.2","0","3"
"TMK_MN004","460","20200412","16.7","0","3"
"TMK_MN004","460","20200413","10.8","0","3"
"TMK_MN004","460","20200414","5","0","3"
"TMK_MN004","460","20200415","10","0","3"
"TMK_MN004","460","20200416","14","0","3"
"TMK_MN004","460","20200417","17.1","0","3"
"TMK_MN004","460","20200418","16.1","0","3"
"TMK_MN004","460","20200419","14.3","0","1"
"TMK_MN004","460","20200420","12.7","0","1"
"TMK_MN004","460","20200421","13.6","0","1"
"TMK_MN004","460","20200422","14.5","0","1"
"TMK_MN004","460","20200423","15.7","0","1"
"TMK_MN004","460","20200424","15.7","0","1"
"TMK_MN004","460","20200425","13","0","1"
"TMK_MN004","460","20200426","13.5","0","1"
"TMK_MN004","460","20200427","14.9","0","1"
"TMK_MN004","460","20200428","12.6","0","1"
"TMK_MN004","460","20200429","11.9","0","1"
"TMK_MN004","460","20200430","9.5","0","1"
"TMK_MN004","460","20200501","8.6","0","1"
"TMK_MN004","460","20200502","8.3","0","1"
"TMK_MN004","460","20200503","10.6","0","1"
"TMK_MN004","460","20200504","13.3","0","1"
"TMK_MN004","460","20200505","10.4","0","1"
"TMK_MN004","460","20200506","10.6","0","1"
"TMK_MN004","460","20200507","14.2","0","1"
"TMK_MN004","460","20200508","17.3","0","1"
"TMK_MN004","460","20200509","14.4","0","1"
"TMK_MN004","460","20200510","16.6","0","1"
"TMK_MN004","460","20200511","6.1","0","1"
"TMK_MN004","460","20200512","7","0","1"
"TMK_MN004","460","20200513","9","0","1"
"TMK_MN004","460","20200514","9.3","0","1"
"TMK_MN004","460","20200515","11.5","0","1"
"TMK_MN004","460","20200516","12.4","0","1"
"TMK_MN004","460","20200517","13.1","0","1"
"TMK_MN004","460","20200518","16.1","0","1"
"TMK_MN004","460","20200519","18.5","0","1"
"TMK_MN004","460","20200520","18.8","0","1"
"TMK_MN004","460","20200521","19.4","0","1"
"TMK_MN004","460","20200522","19.7","0","1"
"TMK_MN004","460","20200523","11.3","0","1"
"TMK_MN004","460","20200524","12","0","1"
"TMK_MN004","460","20200525","14.5","0","1"
"TMK_MN004","460","20200526","15.4","0","1"
"TMK_MN004","460","20200527","16.9","0","1"
"TMK_MN004","460","20200528","16.9","0","1"
"TMK_MN004","460","20200529","15.4","0","1"
"TMK_MN004","460","20200530","15.4","0","1"
"TMK_MN004","460","20200531","14.8","0","1"
"TMK_MN004","460","20200601","18.4","0","1"
"TMK_MN004","460","20200602","20.9","0","1"
"TMK_MN004","460","20200603","19.6","0","1"
"TMK_MN004","460","20200604","13.2","0","1"
"TMK_MN004","460","20200605","9.7","0","1"
"TMK_MN004","460","20200606","11.7","0","1"
"TMK_MN004","460","20200607","12.1","0","1"
"TMK_MN004","460","20200608","13.1","0","1"
"TMK_MN004","460","20200609","13.8","0","1"
"TMK_MN004","460","20200610","14","0","1"
"TMK_MN004","460","20200611","15","0","1"
"TMK_MN004","460","20200612","17.6","0","1"
"TMK_MN004","460","20200613","16.7","0","1"
"TMK_MN004","460","20200614","15.7","0","1"
"TMK_MN004","460","20200615","17.2","0","1"
"TMK_MN004","460","20200616","17.4","0","1"
"TMK_MN004","460","20200617","14.3","0","1"
"TMK_MN004","460","20200618","15.2","0","1"
"TMK_MN004","460","20200619","16.1","0","1"
"TMK_MN004","460","20200620","17.3","0","1"
"TMK_MN004","460","20200621","18.6","0","1"
"TMK_MN004","460","20200622","17.3","0","1"
"TMK_MN004","460","20200623","20.2","0","1"
"TMK_MN004","460","20200624","21.6","0","1"
"TMK_MN004","460","20200625","21.7","0","1"
"TMK_MN004","460","20200626","20.2","0","1"
"TMK_MN004","460","20200627","20.1","0","1"
"TMK_MN004","460","20200628","16.5","0","1"
"TMK_MN004","460","20200629","16.6","0","1"
"TMK_MN004","460","20200630","15.9","0","1"
"TMK_MN004","5029","20200121","0.7","0","3"
"TMK_MN004","5029","20200122","0.7","0","3"
"TMK_MN004","5029","20200123","-0.6","0","3"
"TMK_MN004","5029","20200124","-1","0","3"
"TMK_MN004","5029","20200125","0.1","0","3"
"TMK_MN004","5029","20200126","2.3","0","3"
"TMK_MN004","5029","20200127","5.1","0","3"
"TMK_MN004","5029","20200128","2.6","0","3"
"TMK_MN004","5029","20200129","2.3","0","3"
"TMK_MN004","5029","20200130","4.8","0","3"
"TMK_MN004","5029","20200131","10","0","3"
"TMK_MN004","5029","20200201","9.5","0","3"
"TMK_MN004","5029","20200202","9.1","0","3"
"TMK_MN004","5029","20200203","8.4","0","3"
"TMK_MN004","5029","20200204","3.2","0","3"
"TMK_MN004","5029","20200205","3.8","0","3"
"TMK_MN004","5029","20200206","2.1","0","3"
"TMK_MN004","5029","20200207","1.6","0","3"
"TMK_MN004","5029","20200208","3.1","0","3"
"TMK_MN004","5029","20200209","7.8","0","3"
"TMK_MN004","5029","20200210","6.6","0","3"
"TMK_MN004","5029","20200211","3.8","0","3"
"TMK_MN004","5029","20200212","2","0","3"
"TMK_MN004","5029","20200213","3.1","0","3"
"TMK_MN004","5029","20200214","5.7","0","3"
"TMK_MN004","5029","20200215","6.2","0","3"
"TMK_MN004","5029","20200216","11.1","0","3"
"TMK_MN004","5029","20200217","6.1","0","3"
"TMK_MN004","5029","20200218","4.7","0","3"
"TMK_MN004","5029","20200219","4","0","3"
"TMK_MN004","5029","20200220","5.3","0","3"
"TMK_MN004","5029","20200221","3.6","0","3"
"TMK_MN004","5029","20200222","5.3","0","3"
"TMK_MN004","5029","20200223","8.4","0","3"
"TMK_MN004","5029","20200224","7","0","3"
"TMK_MN004","5029","20200225","5.8","0","3"
"TMK_MN004","5029","20200226","1.5","0","3"
"TMK_MN004","5029","20200227","0.6","0","3"
"TMK_MN004","5029","20200228","2.8","0","3"
"TMK_MN004","5029","20200229","6.8","0","3"
"TMK_MN004","5029","20200301","5.7","0","3"
"TMK_MN004","5029","20200302","4.2","0","3"
"TMK_MN004","5029","20200303","2.4","0","3"
"TMK_MN004","5029","20200304","2.7","0","3"
"TMK_MN004","5029","20200305","4.9","0","3"
"TMK_MN004","5029","20200306","3.9","0","3"
"TMK_MN004","5029","20200307","4","0","3"
"TMK_MN004","5029","20200308","6.4","0","3"
"TMK_MN004","5029","20200309","5.4","0","3"
"TMK_MN004","5029","20200310","7","0","3"
"TMK_MN004","5029","20200311","11.5","0","3"
"TMK_MN004","5029","20200312","8.2","0","3"
"TMK_MN004","5029","20200313","5.3","0","3"
"TMK_MN004","5029","20200314","5.6","0","3"
"TMK_MN004","5029","20200315","8.5","0","3"
"TMK_MN004","5029","20200316","11.1","0","3"
"TMK_MN004","5029","20200317","10.7","0","3"
"TMK_MN004","5029","20200318","10.6","0","3"
"TMK_MN004","5029","20200319","11.8","0","3"
"TMK_MN004","5029","20200320","11.6","0","3"
"TMK_MN004","5029","20200321","3.4","0","3"
"TMK_MN004","5029","20200322","2.8","0","3"
"TMK_MN004","5029","20200323","1.9","0","3"
"TMK_MN004","5029","20200324","2.8","0","3"
"TMK_MN004","5029","20200325","3.3","0","3"
"TMK_MN004","5029","20200326","3.7","0","3"
"TMK_MN004","5029","20200327","8","0","3"
"TMK_MN004","5029","20200328","11.3","0","3"
"TMK_MN004","5029","20200329","3.2","0","3"
"TMK_MN004","5029","20200330","1.8","0","3"
"TMK_MN004","5029","20200331","3.3","0","3"
"TMK_MN004","5029","20200401","4.4","0","3"
"TMK_MN004","5029","20200402","6.6","0","3"
"TMK_MN004","5029","20200403","5.6","0","3"
"TMK_MN004","5029","20200404","8","0","3"
"TMK_MN004","5029","20200405","12.1","0","3"
"TMK_MN004","5029","20200406","14.7","0","3"
"TMK_MN004","5029","20200407","15.8","0","3"
"TMK_MN004","5029","20200408","16.6","0","3"
"TMK_MN004","5029","20200409","16.8","0","3"
"TMK_MN004","5029","20200410","16.2","0","3"
"TMK_MN004","5029","20200411","15.9","0","3"
"TMK_MN004","5029","20200412","16.6","0","3"
"TMK_MN004","5029","20200413","10.2","0","3"
"TMK_MN004","5029","20200414","4.9","0","3"
"TMK_MN004","5029","20200415","9.5","0","3"
"TMK_MN004","5029","20200416","15","0","3"
"TMK_MN004","5029","20200417","17.4","0","3"
"TMK_MN004","5029","20200418","16.2","0","3"
"TMK_MN004","5029","20200419","13.3","0","1"
"TMK_MN004","5029","20200420","12.1","0","1"
"TMK_MN004","5029","20200421","13.2","0","1"
"TMK_MN004","5029","20200422","14.2","0","1"
"TMK_MN004","5029","20200423","15","0","1"
"TMK_MN004","5029","20200424","15.3","0","1"
"TMK_MN004","5029","20200425","12.5","0","1"
"TMK_MN004","5029","20200426","13.5","0","1"
"TMK_MN004","5029","20200427","14.7","0","1"
"TMK_MN004","5029","20200428","12.5","0","1"
"TMK_MN004","5029","20200429","11.4","0","1"
"TMK_MN004","5029","20200430","9.2","0","1"
"TMK_MN004","5029","20200501","8.3","0","1"
"TMK_MN004","5029","20200502","7.5","0","1"
"TMK_MN004","5029","20200503","10.5","0","1"
"TMK_MN004","5029","20200504","11.8","0","1"
"TMK_MN004","5029","20200505","9.3","0","1"
"TMK_MN004","5029","20200506","10.1","0","1"
"TMK_MN004","5029","20200507","14.6","0","1"
"TMK_MN004","5029","20200508","17.5","0","1"
"TMK_MN004","5029","20200509","14.3","0","1"
"TMK_MN004","5029","20200510","16.3","0","1"
"TMK_MN004","5029","20200511","6.2","0","1"
"TMK_MN004","5029","20200512","6.8","0","1"
"TMK_MN004","5029","20200513","8.9","0","1"
"TMK_MN004","5029","20200514","8.7","0","1"
"TMK_MN004","5029","20200515","10.8","0","1"
"TMK_MN004","5029","20200516","12.6","0","1"
"TMK_MN004","5029","20200517","13.1","0","1"
"TMK_MN004","5029","20200518","16.5","0","1"
"TMK_MN004","5029","20200519","18.4","0","1"
"TMK_MN004","5029","20200520","18.4","0","1"
"TMK_MN004","5029","20200521","19.2","0","1"
"TMK_MN004","5029","20200522","20.1","0","1"
"TMK_MN004","5029","20200523","11.3","0","1"
"TMK_MN004","5029","20200524","11.5","0","1"
"TMK_MN004","5029","20200525","14.1","0","1"
"TMK_MN004","5029","20200526","15.1","0","1"
"TMK_MN004","5029","20200527","16.7","0","1"
"TMK_MN004","5029","20200528","16.5","0","1"
"TMK_MN004","5029","20200529","15.1","0","1"
"TMK_MN004","5029","20200530","15.1","0","1"
"TMK_MN004","5029","20200531","14.7","0","1"
"TMK_MN004","5029","20200601","18.1","0","1"
"TMK_MN004","5029","20200602","20.7","0","1"
"TMK_MN004","5029","20200603","19.7","0","1"
"TMK_MN004","5029","20200604","13.4","0","1"
"TMK_MN004","5029","20200605","9.6","0","1"
"TMK_MN004","5029","20200606","11.6","0","1"
"TMK_MN004","5029","20200607","12.1","0","1"
"TMK_MN004","5029","20200608","13.6","0","1"
"TMK_MN004","5029","20200609","13.7","0","1"
"TMK_MN004","5029","20200610","13.6","0","1"
"TMK_MN004","5029","20200611","14.4","0","1"
"TMK_MN004","5029","20200612","18.4","0","1"
"TMK_MN004","5029","20200613","17.3","0","1"
"TMK_MN004","5029","20200614","15.2","0","1"
"TMK_MN004","5029","20200615","17.1","0","1"
"TMK_MN004","5029","20200616","16.8","0","1"
"TMK_MN004","5029","20200617","15","0","1"
"TMK_MN004","5029","20200618","15.2","0","1"
"TMK_MN004","5029","20200619","16.1","0","1"
"TMK_MN004","5029","20200620","16.7","0","1"
"TMK_MN004","5029","20200621","18.3","0","1"
"TMK_MN004","5029","20200622","18","0","1"
"TMK_MN004","5029","20200623","20.2","0","1"
"TMK_MN004","5029","20200624","21.5","0","1"
"TMK_MN004","5029","20200625","21.1","0","1"
"TMK_MN004","5029","20200626","20.3","0","1"
"TMK_MN004","5029","20200627","19.9","0","1"
"TMK_MN004","5029","20200628","16.7","0","1"
"TMK_MN004","5433","20200121","1.4","0","3"
"TMK_MN004","5433","20200122","1","0","3"
"TMK_MN004","5433","20200123","0.1","0","3"
"TMK_MN004","5433","20200124","-1.2","0","3"
"TMK_MN004","5433","20200125","0","0","3"
"TMK_MN004","5433","20200126","3","0","3"
"TMK_MN004","5433","20200127","4.9","0","3"
"TMK_MN004","5433","20200128","2.7","0","3"
"TMK_MN004","5433","20200129","2.4","0","3"
"TMK_MN004","5433","20200130","4.8","0","3"
"TMK_MN004","5433","20200131","10","0","3"
"TMK_MN004","5433","20200201","9.2","0","3"
"TMK_MN004","5433","20200202","8.9","0","3"
"TMK_MN004","5433","20200203","8.2","0","3"
"TMK_MN004","5433","20200204","3.2","0","3"
"TMK_MN004","5433","20200205","3.2","0","3"
"TMK_MN004","5433","20200206","2.3","0","3"
"TMK_MN004","5433","20200207","2.5","0","3"
"TMK_MN004","5433","20200208","2.8","0","3"
"TMK_MN004","5433","20200209","7.3","0","3"
"TMK_MN004","5433","20200210","6.5","0","3"
"TMK_MN004","5433","20200211","3.6","0","3"
"TMK_MN004","5433","20200212","1.8","0","3"
"TMK_MN004","5433","20200213","2.7","0","3"
"TMK_MN004","5433","20200214","5.4","0","3"
"TMK_MN004","5433","20200215","5.7","0","3"
"TMK_MN004","5433","20200216","10.9","0","3"
"TMK_MN004","5433","20200217","6","0","3"
"TMK_MN004","5433","20200218","4.6","0","3"
"TMK_MN004","5433","20200219","3.8","0","3"
"TMK_MN004","5433","20200220","5.1","0","3"
"TMK_MN004","5433","20200221","3.1","0","3"
"TMK_MN004","5433","20200222","5.2","0","3"
"TMK_MN004","5433","20200223","8.3","0","3"
"TMK_MN004","5433","20200224","6.4","0","3"
"TMK_MN004","5433","20200225","5.7","0","3"
"TMK_MN004","5433","20200226","1.4","0","3"
"TMK_MN004","5433","20200227","0.6","0","3"
"TMK_MN004","5433","20200228","2.3","0","3"
"TMK_MN004","5433","20200229","5.9","0","3"
"TMK_MN004","5433","20200301","5.4","0","3"
"TMK_MN004","5433","20200302","4.3","0","3"
"TMK_MN004","5433","20200303","2.2","0","3"
"TMK_MN004","5433","20200304","2.5","0","3"
"TMK_MN004","5433","20200305","4.8","0","3"
"TMK_MN004","5433","20200306","3.9","0","3"
"TMK_MN004","5433","20200307","3.9","0","3"
"TMK_MN004","5433","20200308","6.2","0","3"
"TMK_MN004","5433","20200309","5.5","0","3"
"TMK_MN004","5433","20200310","7.2","0","3"
"TMK_MN004","5433","20200311","11.3","0","3"
"TMK_MN004","5433","20200312","8","0","3"
"TMK_MN004","5433","20200313","4.7","0","3"
"TMK_MN004","5433","20200314","5","0","3"
"TMK_MN004","5433","20200315","8.3","0","3"
"TMK_MN004","5433","20200316","10","0","3"
"TMK_MN004","5433","20200317","10.4","0","3"
"TMK_MN004","5433","20200318","9.4","0","3"
"TMK_MN004","5433","20200319","11.1","0","3"
"TMK_MN004","5433","20200320","12.2","0","3"
"TMK_MN004","5433","20200321","4","0","3"
"TMK_MN004","5433","20200322","3.3","0","3"
"TMK_MN004","5433","20200323","2.5","0","3"
"TMK_MN004","5433","20200324","3.5","0","3"
"TMK_MN004","5433","20200325","4.2","0","3"
"TMK_MN004","5433","20200326","4.6","0","3"
"TMK_MN004","5433","20200327","8.9","0","3"
"TMK_MN004","5433","20200328","12","0","3"
"TMK_MN004","5433","20200329","3.4","0","3"
"TMK_MN004","5433","20200330","2.6","0","3"
"TMK_MN004","5433","20200331","4.5","0","3"
"TMK_MN004","5433","20200401","5.2","0","3"
"TMK_MN004","5433","20200402","6.2","0","3"
"TMK_MN004","5433","20200403","5.3","0","3"
"TMK_MN004","5433","20200404","8.3","0","3"
"TMK_MN004","5433","20200405","12.7","0","3"
"TMK_MN004","5433","20200406","13.4","0","3"
"TMK_MN004","5433","20200407","16.2","0","3"
"TMK_MN004","5433","20200408","17.1","0","3"
"TMK_MN004","5433","20200409","16.8","0","3"
"TMK_MN004","5433","20200410","17.3","0","3"
"TMK_MN004","5433","20200411","17","0","3"
"TMK_MN004","5433","20200412","15.4","0","3"
"TMK_MN004","5433","20200413","10.2","0","3"
"TMK_MN004","5433","20200414","5.4","0","3"
"TMK_MN004","5433","20200415","10.5","0","3"
"TMK_MN004","5433","20200416","14.7","0","3"
"TMK_MN004","5433","20200417","16.4","0","3"
"TMK_MN004","5433","20200418","15.6","0","3"
"TMK_MN004","5433","20200419","14","0","1"
"TMK_MN004","5433","20200420","13.1","0","1"
"TMK_MN004","5433","20200421","13.8","0","1"
"TMK_MN004","5433","20200422","15.2","0","1"
"TMK_MN004","5433","20200423","16.1","0","1"
"TMK_MN004","5433","20200424","15.1","0","1"
"TMK_MN004","5433","20200425","12.6","0","1"
"TMK_MN004","5433","20200426","13.9","0","1"
"TMK_MN004","5433","20200427","13.6","0","1"
"TMK_MN004","5433","20200428","11.8","0","1"
"TMK_MN004","5433","20200429","11","0","1"
"TMK_MN004","5433","20200430","9.4","0","1"
"TMK_MN004","5433","20200501","8","0","1"
"TMK_MN004","5433","20200502","7.5","0","1"
"TMK_MN004","5433","20200503","10","0","1"
"TMK_MN004","5433","20200504","11.4","0","1"
"TMK_MN004","5433","20200505","10.5","0","1"
"TMK_MN004","5433","20200506","11.1","0","1"
"TMK_MN004","5433","20200507","14.6","0","1"
"TMK_MN004","5433","20200508","17.3","0","1"
"TMK_MN004","5433","20200509","15.1","0","1"
"TMK_MN004","5433","20200510","16.3","0","1"
"TMK_MN004","5433","20200511","6.6","0","1"
"TMK_MN004","5433","20200512","8.1","0","1"
"TMK_MN004","5433","20200513","9.9","0","1"
"TMK_MN004","5433","20200514","9.5","0","1"
"TMK_MN004","5433","20200515","12.1","0","1"
"TMK_MN004","5433","20200516","13.1","0","1"
"TMK_MN004","5433","20200517","13.5","0","1"
"TMK_MN004","5433","20200518","16.5","0","1"
"TMK_MN004","5433","20200519","18.5","0","1"
"TMK_MN004","5433","20200520","19.4","0","1"
"TMK_MN004","5433","20200521","20.1","0","1"
"TMK_MN004","5433","20200522","19.6","0","1"
"TMK_MN004","5433","20200523","10.9","0","1"
"TMK_MN004","5433","20200524","11.6","0","1"
"TMK_MN004","5433","20200525","14.1","0","1"
"TMK_MN004","5433","20200526","15.7","0","1"
"TMK_MN004","5433","20200527","17.7","0","1"
"TMK_MN004","5433","20200528","17.6","0","1"
"TMK_MN004","5433","20200529","16.5","0","1"
"TMK_MN004","5433","20200530","16.5","0","1"
"TMK_MN004","5433","20200531","16","0","1"
"TMK_MN004","5433","20200601","19.1","0","1"
"TMK_MN004","5433","20200602","21.6","0","1"
"TMK_MN004","5433","20200603","20","0","1"
"TMK_MN004","5433","20200604","13.5","0","1"
"TMK_MN004","5433","20200605","9.1","0","1"
"TMK_MN004","5433","20200606","11.1","0","1"
"TMK_MN004","5433","20200607","11.5","0","1"
"TMK_MN004","5433","20200608","13.7","0","1"
"TMK_MN004","5433","20200609","14.6","0","1"
"TMK_MN004","5433","20200610","14.2","0","1"
"TMK_MN004","5433","20200611","15.2","0","1"
"TMK_MN004","5433","20200612","19.1","0","1"
"TMK_MN004","5433","20200613","17.3","0","1"
"TMK_MN004","5433","20200614","15.7","0","1"
"TMK_MN004","5433","20200615","17.2","0","1"
"TMK_MN004","5433","20200616","17.3","0","1"
"TMK_MN004","5433","20200617","14.9","0","1"
"TMK_MN004","5433","20200618","15.3","0","1"
"TMK_MN004","5433","20200619","15.8","0","1"
"TMK_MN004","5433","20200620","16.1","0","1"
"TMK_MN004","5433","20200621","18.3","0","1"
"TMK_MN004","5433","20200622","18.3","0","1"
"TMK_MN004","5433","20200623","21.3","0","1"
"TMK_MN004","5433","20200624","22.6","0","1"
"TMK_MN004","5433","20200625","22.2","0","1"
"TMK_MN004","5433","20200626","21.3","0","1"
"TMK_MN004","5433","20200627","19.9","0","1"
"TMK_MN004","5433","20200628","16.9","0","1"
"TMK_MN004","5433","20200629","16.2","0","1"
"TMK_MN004","5433","20200630","14.9","0","1"
"TMK_MN004","6217","20200121","1.1","0","3"
"TMK_MN004","6217","20200122","-0.4","0","3"
"TMK_MN004","6217","20200123","1.1","0","3"
"TMK_MN004","6217","20200124","0.3","0","3"
"TMK_MN004","6217","20200125","1.3","0","3"
"TMK_MN004","6217","20200126","4.2","0","3"
"TMK_MN004","6217","20200127","6.7","0","3"
"TMK_MN004","6217","20200128","4.3","0","3"
"TMK_MN004","6217","20200129","4","0","3"
"TMK_MN004","6217","20200130","5.8","0","3"
"TMK_MN004","6217","20200131","11.6","0","3"
"TMK_MN004","6217","20200201","11","0","3"
"TMK_MN004","6217","20200202","11.1","0","3"
"TMK_MN004","6217","20200203","10.1","0","3"
"TMK_MN004","6217","20200204","5.1","0","3"
"TMK_MN004","6217","20200205","3.4","0","3"
"TMK_MN004","6217","20200206","2.6","0","3"
"TMK_MN004","6217","20200207","3","0","3"
"TMK_MN004","6217","20200208","2.9","0","3"
"TMK_MN004","6217","20200209","9.1","0","3"
"TMK_MN004","6217","20200210","8.5","0","3"
"TMK_MN004","6217","20200211","5.8","0","3"
"TMK_MN004","6217","20200212","3.7","0","3"
"TMK_MN004","6217","20200213","4.3","0","3"
"TMK_MN004","6217","20200214","6.9","0","3"
"TMK_MN004","6217","20200215","6.7","0","3"
"TMK_MN004","6217","20200216","12.8","0","3"
"TMK_MN004","6217","20200217","7.6","0","3"
"TMK_MN004","6217","20200218","6.6","0","3"
"TMK_MN004","6217","20200219","5.6","0","3"
"TMK_MN004","6217","20200220","7","0","3"
"TMK_MN004","6217","20200221","5.4","0","3"
"TMK_MN004","6217","20200222","6.9","0","3"
"TMK_MN004","6217","20200223","10.4","0","3"
"TMK_MN004","6217","20200224","8.9","0","3"
"TMK_MN004","6217","20200225","7.2","0","3"
"TMK_MN004","6217","20200226","3.2","0","3"
"TMK_MN004","6217","20200227","2.4","0","3"
"TMK_MN004","6217","20200228","5.1","0","3"
"TMK_MN004","6217","20200229","8.7","0","3"
"TMK_MN004","6217","20200301","7.7","0","3"
"TMK_MN004","6217","20200302","5.6","0","3"
"TMK_MN004","6217","20200303","3.8","0","3"
"TMK_MN004","6217","20200304","4.5","0","3"
"TMK_MN004","6217","20200305","6.9","0","3"
"TMK_MN004","6217","20200306","5.6","0","3"
"TMK_MN004","6217","20200307","5.4","0","3"
"TMK_MN004","6217","20200308","8.2","0","3"
"TMK_MN004","6217","20200309","6.8","0","3"
"TMK_MN004","6217","20200310","8.2","0","3"
"TMK_MN004","6217","20200311","13.5","0","3"
"TMK_MN004","6217","20200312","10.4","0","3"
"TMK_MN004","6217","20200313","6.6","0","3"
"TMK_MN004","6217","20200314","6.1","0","3"
"TMK_MN004","6217","20200315","9.2","0","3"
"TMK_MN004","6217","20200316","10.4","0","3"
"TMK_MN004","6217","20200317","10.6","0","3"
"TMK_MN004","6217","20200318","9.3","0","3"
"TMK_MN004","6217","20200319","10.1","0","3"
"TMK_MN004","6217","20200320","11.2","0","3"
"TMK_MN004","6217","20200321","5.6","0","3"
"TMK_MN004","6217","20200322","5.5","0","3"
"TMK_MN004","6217","20200323","4.4","0","3"
"TMK_MN004","6217","20200324","5.1","0","3"
"TMK_MN004","6217","20200325","5.1","0","3"
"TMK_MN004","6217","20200326","5.4","0","3"
"TMK_MN004","6217","20200327","7.4","0","3"
"TMK_MN004","6217","20200328","10.3","0","3"
"TMK_MN004","6217","20200329","5.6","0","3"
"TMK_MN004","6217","20200330","3.5","0","3"
"TMK_MN004","6217","20200331","3.7","0","3"
"TMK_MN004","6217","20200401","4.5","0","3"
"TMK_MN004","6217","20200402","5.8","0","3"
"TMK_MN004","6217","20200403","6","0","3"
"TMK_MN004","6217","20200404","8","0","3"
"TMK_MN004","6217","20200405","12.1","0","3"
"TMK_MN004","6217","20200406","12.8","0","3"
"TMK_MN004","6217","20200407","15.2","0","3"
"TMK_MN004","6217","20200408","14.8","0","3"
"TMK_MN004","6217","20200409","14.6","0","3"
"TMK_MN004","6217","20200410","15.5","0","3"
"TMK_MN004","6217","20200411","15","0","3"
"TMK_MN004","6217","20200412","15","0","3"
"TMK_MN004","6217","20200413","10.8","0","3"
"TMK_MN004","6217","20200414","6.8","0","3"
"TMK_MN004","6217","20200415","10.2","0","3"
"TMK_MN004","6217","20200416","13.7","0","3"
"TMK_MN004","6217","20200417","15.8","0","3"
"TMK_MN004","6217","20200418","16","0","3"
"TMK_MN004","6217","20200419","14.5","0","1"
"TMK_MN004","6217","20200420","14.7","0","1"
"TMK_MN004","6217","20200421","15.8","0","1"
"TMK_MN004","6217","20200422","16.3","0","1"
"TMK_MN004","6217","20200423","15.6","0","1"
"TMK_MN004","6217","20200424","14","0","1"
"TMK_MN004","6217","20200425","12.8","0","1"
"TMK_MN004","6217","20200426","12.6","0","1"
"TMK_MN004","6217","20200427","14.6","0","1"
"TMK_MN004","6217","20200428","13.7","0","1"
"TMK_MN004","6217","20200429","13.1","0","1"
"TMK_MN004","6217","20200430","11.2","0","1"
"TMK_MN004","6217","20200501","10.2","0","1"
"TMK_MN004","6217","20200502","8.9","0","1"
"TMK_MN004","6217","20200503","10.9","0","1"
"TMK_MN004","6217","20200504","14","0","1"
"TMK_MN004","6217","20200505","12","0","1"
"TMK_MN004","6217","20200506","11.5","0","1"
"TMK_MN004","6217","20200507","13.4","0","1"
"TMK_MN004","6217","20200508","16.9","0","1"
"TMK_MN004","6217","20200509","16.1","0","1"
"TMK_MN004","6217","20200510","18.1","0","1"
"TMK_MN004","6217","20200511","7.9","0","1"
"TMK_MN004","6217","20200512","8.2","0","1"
"TMK_MN004","6217","20200513","10.1","0","1"
"TMK_MN004","6217","20200514","11.3","0","1"
"TMK_MN004","6217","20200515","12.7","0","1"
"TMK_MN004","6217","20200516","12.3","0","1"
"TMK_MN004","6217","20200517","12.9","0","1"
"TMK_MN004","6217","20200518","15.7","0","1"
"TMK_MN004","6217","20200519","18.1","0","1"
"TMK_MN004","6217","20200520","18.8","0","1"
"TMK_MN004","6217","20200521","19.8","0","1"
"TMK_MN004","6217","20200522","20.7","0","1"
"TMK_MN004","6217","20200523","13.3","0","1"
"TMK_MN004","6217","20200524","13.2","0","1"
"TMK_MN004","6217","20200525","14.6","0","1"
"TMK_MN004","6217","20200526","15.9","0","1"
"TMK_MN004","6217","20200527","16.8","0","1"
"TMK_MN004","6217","20200528","16.7","0","1"
"TMK_MN004","6217","20200529","16.5","0","1"
"TMK_MN004","6217","20200530","17.1","0","1"
"TMK_MN004","6217","20200531","16.1","0","1"
"TMK_MN004","6217","20200601","19.3","0","1"
"TMK_MN004","6217","20200602","20.1","0","1"
"TMK_MN004","6217","20200603","19.1","0","1"
"TMK_MN004","6217","20200604","15","0","1"
"TMK_MN004","6217","20200605","11.7","0","1"
"TMK_MN004","6217","20200606","13.8","0","1"
"TMK_MN004","6217","20200607","13.8","0","1"
"TMK_MN004","6217","20200608","14.3","0","1"
"TMK_MN004","6217","20200609","15.1","0","1"
"TMK_MN004","6217","20200610","15.7","0","1"
"TMK_MN004","6217","20200611","16.5","0","1"
"TMK_MN004","6217","20200612","19.9","0","1"
"TMK_MN004","6217","20200613","19","0","1"
"TMK_MN004","6217","20200614","17.2","0","1"
"TMK_MN004","6217","20200615","18.2","0","1"
"TMK_MN004","6217","20200616","18.1","0","1"
"TMK_MN004","6217","20200617","15.4","0","1"
"TMK_MN004","6217","20200618","16.8","0","1"
"TMK_MN004","6217","20200619","17.5","0","1"
"TMK_MN004","6217","20200620","17.8","0","1"
"TMK_MN004","6217","20200621","18.9","0","1"
"TMK_MN004","6217","20200622","18.8","0","1"
"TMK_MN004","6217","20200623","20.1","0","1"
"TMK_MN004","6217","20200624","21.8","0","1"
"TMK_MN004","6217","20200625","22.7","0","1"
"TMK_MN004","6217","20200626","21.5","0","1"
"TMK_MN004","6217","20200627","21.3","0","1"
"TMK_MN004","6217","20200628","18.3","0","1"
"TMK_MN004","6217","20200629","18.3","0","1"
"TMK_MN004","6217","20200630","17.2","0","1"
